{"model_version": "2.1.0", "last_trained": "2026-01-04T22:57:41.186189", "is_trained": true, "model_performance": {"flood": {"mse": 0.2485422853090076, "mae": 0.39427400086328684, "r2": 0.961569816941645, "accuracy": 0.9404, "precision": 0.9344118933100131, "recall": 0.9352297592997811, "f1_score": 0.9348206474190727}, "fire": {"mse": 0.31938886272099315, "mae": 0.45246190297690064, "r2": 0.8924906274574522, "accuracy": 0.9146, "precision": 0.9120791020844469, "recall": 0.9720877242950726, "f1_score": 0.9411278091824072}, "earthquake": {"mse": 0.07913214414893358, "mae": 0.2050593703609651, "r2": 0.9430822249257876, "accuracy": 0.9996, "precision": 0.0, "recall": 0.0, "f1_score": 0.0}, "storm": {"mse": 0.4597203156586438, "mae": 0.5293135078558407, "r2": 0.8991304447412504, "accuracy": 0.937, "precision": 0.9231818181818182, "recall": 0.9329352319706018, "f1_score": 0.9280328992460589}}}